ProductID,Defective
6449,Yes
3545,No
3905,Yes
9740,Yes
8296,Yes
3601,Yes
1458,Yes
6939,Yes
985,Yes
9587,Yes
9653,Yes
6663,Yes
2471,Yes
6387,Yes
6194,Yes
2566,Yes
1395,Yes
5216,Yes
593,Yes
6297,Yes
5189,Yes
3459,Yes
3049,No
7558,Yes
3525,Yes
1685,Yes
8462,Yes
8815,Yes
5644,Yes
9260,Yes
6752,Yes
704,Yes
1178,Yes
9893,Yes
8878,Yes
2287,Yes
601,Yes
7148,Yes
319,Yes
6473,Yes
7268,Yes
2776,Yes
9046,Yes
9949,Yes
859,Yes
8271,Yes
852,Yes
4247,Yes
5565,Yes
3552,Yes
1676,Yes
3580,Yes
5399,Yes
9851,Yes
6501,Yes
4025,Yes
9231,Yes
3236,Yes
4878,Yes
4305,Yes
1733,Yes
5524,Yes
585,Yes
4930,Yes
271,Yes
2264,Yes
8308,Yes
7439,Yes
5907,Yes
3413,Yes
2882,Yes
8233,Yes
666,Yes
2953,Yes
1896,Yes
7067,Yes
1056,Yes
7340,Yes
2755,Yes
1557,Yes
1334,Yes
6764,Yes
805,Yes
3057,Yes
1353,Yes
5416,Yes
4813,Yes
1798,Yes
3327,Yes
2227,Yes
3609,Yes
2413,Yes
6148,Yes
3365,Yes
2490,Yes
5951,Yes
4704,Yes
6327,Yes
2991,Yes
6758,Yes
6889,Yes
8987,Yes
2243,Yes
8890,Yes
1052,Yes
4577,Yes
9134,Yes
3664,Yes
3960,Yes
1215,Yes
233,Yes
4230,Yes
444,Yes
5922,Yes
7875,Yes
7518,Yes
2680,Yes
2137,Yes
228,Yes
8908,Yes
2462,Yes
6254,Yes
9694,Yes
3045,Yes
7520,Yes
9860,Yes
8251,Yes
127,Yes
158,Yes
4474,Yes
8077,Yes
6839,Yes
4459,Yes
9383,Yes
1625,Yes
2312,Yes
2932,Yes
8606,Yes
9722,Yes
5721,Yes
5711,Yes
5341,Yes
5913,Yes
839,Yes
7687,Yes
1217,Yes
2306,Yes
93,Yes
2467,Yes
6159,Yes
8414,Yes
2648,Yes
1851,Yes
2174,Yes
7476,Yes
3937,Yes
6098,Yes
4429,Yes
6333,Yes
7789,Yes
2665,Yes
9701,Yes
6158,No
5484,Yes
5744,Yes
5404,Yes
2662,Yes
5815,Yes
6106,Yes
1982,Yes
2195,Yes
9258,Yes
1267,Yes
3860,Yes
6273,Yes
5142,Yes
9480,Yes
5893,Yes
7454,Yes
9234,Yes
3749,Yes
3489,Yes
5823,Yes
3889,Yes
825,Yes
4454,Yes
8950,Yes
5116,Yes
1489,Yes
9241,Yes
9487,Yes
9966,Yes
5462,Yes
4934,Yes
9193,Yes
2083,Yes
2585,Yes
2779,Yes
6190,Yes
7736,Yes
8045,Yes
4144,Yes
5454,Yes
4578,Yes
7478,Yes
8521,Yes
2502,Yes
50,Yes
2569,Yes
7651,Yes
4188,Yes
137,Yes
5242,Yes
3361,Yes
720,Yes
1636,Yes
1727,Yes
5010,Yes
3874,Yes
9056,Yes
1492,Yes
538,Yes
3965,Yes
5881,Yes
4487,Yes
2855,Yes
16,Yes
6452,Yes
4128,Yes
6253,Yes
1234,Yes
8231,Yes
867,Yes
7640,Yes
9400,Yes
4129,Yes
3130,Yes
8896,Yes
8052,Yes
9408,Yes
3169,Yes
8624,Yes
5915,Yes
2541,Yes
9435,Yes
1101,Yes
4961,Yes
5663,Yes
3826,Yes
7574,Yes
8921,Yes
6486,No
3593,Yes
6629,Yes
7234,Yes
6938,Yes
7402,Yes
4428,Yes
9624,Yes
9133,Yes
3810,Yes
1712,Yes
5613,Yes
2329,Yes
4549,Yes
9595,Yes
5569,Yes
9240,Yes
1522,Yes
2095,Yes
8322,Yes
6585,No
6632,No
1948,Yes
7713,Yes
1683,Yes
6262,Yes
4148,Yes
1340,Yes
1140,Yes
8309,Yes
6874,Yes
5610,Yes
4310,Yes
4043,Yes
1920,Yes
54,Yes
6564,Yes
6779,Yes
8556,Yes
5076,Yes
3022,Yes
8202,Yes
7730,Yes
7492,Yes
8740,Yes
5737,Yes
4220,Yes
451,Yes
9368,Yes
1991,Yes
2801,Yes
930,Yes
6082,Yes
933,Yes
9110,Yes
8612,No
6354,Yes
2461,Yes
5158,Yes
6998,Yes
861,Yes
7269,Yes
5756,Yes
1692,Yes
9719,Yes
3491,Yes
5276,Yes
8286,Yes
3654,Yes
4761,Yes
2774,Yes
5986,Yes
9800,Yes
7628,Yes
2532,Yes
6967,Yes
1220,No
808,Yes
8078,Yes
2234,Yes
5564,Yes
6876,Yes
2669,Yes
1453,Yes
3788,Yes
7996,Yes
1886,Yes
7048,Yes
2351,Yes
5687,Yes
3986,Yes
3242,Yes
743,Yes
758,Yes
4115,Yes
579,Yes
7387,Yes
1021,Yes
3086,Yes
3030,Yes
3990,Yes
3388,Yes
2013,Yes
9627,Yes
4635,Yes
152,Yes
124,Yes
9472,Yes
6699,Yes
9895,Yes
5319,Yes
9296,Yes
1238,Yes
4824,Yes
2935,Yes
1998,Yes
7607,Yes
7037,Yes
1833,Yes
7531,Yes
7453,Yes
6290,Yes
7295,No
5965,Yes
3265,Yes
8097,Yes
575,Yes
9756,Yes
1153,Yes
4908,No
4812,Yes
7449,Yes
4869,Yes
1790,Yes
9327,Yes
5438,Yes
9315,Yes
7937,Yes
5625,Yes
804,Yes
4540,Yes
2407,Yes
133,Yes
2603,Yes
2897,Yes
1449,Yes
215,Yes
9568,Yes
2561,Yes
2184,Yes
5140,Yes
1039,Yes
2858,Yes
1480,Yes
6299,Yes
7965,Yes
6636,Yes
6311,Yes
8263,Yes
1757,Yes
1926,Yes
4656,Yes
3004,Yes
6318,Yes
9016,Yes
3743,Yes
7286,Yes
2624,Yes
5657,Yes
5752,Yes
8439,Yes
14,Yes
3643,Yes
2042,Yes
202,Yes
1588,Yes
328,Yes
6538,Yes
4872,Yes
5849,Yes
971,Yes
8005,Yes
2780,Yes
147,Yes
5602,Yes
4694,Yes
3067,Yes
7047,Yes
4327,Yes
8957,Yes
6569,Yes
5676,No
9466,Yes
7530,Yes
1388,Yes
7335,Yes
4947,Yes
1871,Yes
7630,Yes
5982,Yes
2639,Yes
8947,Yes
786,Yes
7310,Yes
4020,No
8731,Yes
1200,Yes
8916,Yes
422,Yes
6525,Yes
3373,Yes
2634,Yes
5293,Yes
9062,Yes
5481,Yes
4351,Yes
2873,Yes
4915,Yes
7752,Yes
4627,Yes
2630,Yes
4534,Yes
345,Yes
4250,Yes
1643,No
9605,Yes
8404,Yes
1360,Yes
2782,Yes
2732,Yes
5714,Yes
1995,Yes
2180,Yes
2557,Yes
4211,Yes
3050,Yes
5534,Yes
7803,Yes
4053,Yes
9144,Yes
362,Yes
1135,Yes
7784,Yes
8682,Yes
5783,Yes
1420,Yes
2940,Yes
3390,Yes
1554,Yes
8206,Yes
8577,Yes
8664,Yes
676,Yes
2343,Yes
4874,Yes
103,Yes
1849,Yes
4180,Yes
1194,Yes
2697,Yes
5672,Yes
1062,Yes
2615,Yes
5047,Yes
2489,No
4024,Yes
1699,Yes
3038,Yes
8315,Yes
1553,Yes
8822,Yes
751,Yes
7798,Yes
7514,Yes
2050,Yes
686,Yes
8471,Yes
9036,Yes
9015,Yes
3695,Yes
5078,Yes
6626,No
3300,Yes
4924,Yes
4309,Yes
7529,Yes
703,Yes
8730,Yes
8203,Yes
9459,Yes
9617,Yes
4819,Yes
2097,Yes
232,Yes
4121,Yes
4491,Yes
2220,Yes
8900,Yes
5980,Yes
9522,Yes
1974,Yes
4224,Yes
5612,Yes
5616,No
4239,Yes
591,Yes
7652,Yes
3135,Yes
7970,Yes
6027,Yes
460,Yes
4876,Yes
9934,Yes
7772,Yes
6267,Yes
5651,Yes
7330,Yes
9951,Yes
1270,Yes
828,Yes
2587,Yes
2734,Yes
2482,No
6732,Yes
8714,Yes
8811,Yes
7423,Yes
2202,Yes
7742,Yes
2982,Yes
9600,Yes
700,Yes
917,Yes
2293,Yes
2591,Yes
2533,Yes
998,Yes
6060,Yes
3398,Yes
106,Yes
9049,Yes
2681,Yes
9007,Yes
8564,Yes
568,Yes
5545,Yes
9167,Yes
5001,Yes
2055,No
6417,Yes
7441,Yes
5197,Yes
194,Yes
1764,Yes
9932,Yes
5147,Yes
5307,Yes
8222,Yes
1031,Yes
6400,Yes
714,Yes
5110,Yes
9525,Yes
5821,Yes
9460,Yes
6981,Yes
8392,Yes
3110,Yes
2626,Yes
5387,Yes
1356,Yes
3055,Yes
8831,Yes
8812,Yes
8456,No
8120,Yes
8212,Yes
1067,Yes
5958,Yes
6529,Yes
2874,Yes
8618,Yes
8993,Yes
7276,Yes
5635,Yes
1503,Yes
8783,Yes
2840,Yes
2279,Yes
7594,Yes
2741,Yes
3548,Yes
7056,Yes
9132,Yes
1806,Yes
1815,Yes
35,Yes
7737,Yes
4598,Yes
7919,Yes
7927,Yes
4090,Yes
7745,Yes
229,Yes
1768,Yes
7950,Yes
7019,Yes
313,Yes
8959,Yes
7579,Yes
349,Yes
1068,Yes
2827,Yes
6093,Yes
5204,Yes
1070,Yes
1011,Yes
4756,Yes
7339,Yes
849,Yes
555,Yes
4589,Yes
5461,Yes
8227,Yes
1384,Yes
9181,Yes
5408,Yes
3415,Yes
8604,Yes
7205,Yes
9481,Yes
9244,Yes
1933,Yes
9245,Yes
1418,Yes
4981,Yes
2460,Yes
3744,Yes
2830,Yes
4246,Yes
6227,Yes
4396,Yes
7895,Yes
2239,Yes
5184,Yes
4740,Yes
7282,Yes
9096,Yes
9641,Yes
6865,Yes
1323,Yes
5119,Yes
1326,Yes
7551,Yes
4743,Yes
8075,Yes
2251,Yes
1771,Yes
6523,Yes
4634,Yes
4733,Yes
4433,Yes
286,Yes
4013,Yes
7793,Yes
907,Yes
5442,Yes
1444,Yes
9073,Yes
7192,Yes
2428,Yes
4320,Yes
6274,Yes
9490,Yes
4573,Yes
6942,Yes
8400,Yes
1300,Yes
2437,Yes
8861,Yes
7815,Yes
7150,Yes
2066,Yes
3378,Yes
5753,Yes
6658,Yes
7575,Yes
9290,Yes
1032,Yes
9835,Yes
9176,Yes
9395,Yes
4823,Yes
5019,Yes
541,Yes
243,Yes
7808,Yes
7583,Yes
462,Yes
6229,Yes
2509,Yes
722,Yes
8525,Yes
9017,Yes
8699,Yes
3656,Yes
8417,Yes
6878,Yes
8332,Yes
7804,Yes
5347,Yes
1640,Yes
9467,Yes
4697,Yes
4647,Yes
6115,Yes
5575,Yes
8873,Yes
5004,Yes
7702,Yes
9150,Yes
977,Yes
876,Yes
567,Yes
2307,Yes
7297,Yes
6130,Yes
4038,Yes
6819,Yes
3669,Yes
8551,Yes
5038,Yes
4408,Yes
289,Yes
3830,Yes
5883,Yes
9080,Yes
3325,Yes
6450,Yes
9010,Yes
2785,Yes
3468,No
7415,Yes
6754,Yes
779,Yes
8625,Yes
609,Yes
4780,Yes
7873,Yes
8485,Yes
7191,Yes
1943,Yes
9789,Yes
2740,Yes
3295,Yes
6308,Yes
4393,Yes
1376,Yes
2906,Yes
9381,Yes
8913,Yes
6285,Yes
9601,Yes
9246,Yes
4884,Yes
4493,Yes
3272,Yes
7109,Yes
206,Yes
356,Yes
3876,Yes
4161,Yes
1919,Yes
9421,Yes
1734,Yes
5824,Yes
6903,Yes
1314,Yes
7180,Yes
6796,Yes
1195,Yes
9478,Yes
9755,Yes
5211,Yes
6541,Yes
2085,Yes
9827,Yes
8017,Yes
8476,Yes
3458,Yes
8510,Yes
616,Yes
6200,Yes
1778,Yes
2508,Yes
2857,Yes
7696,Yes
6588,Yes
4227,Yes
3026,Yes
5048,Yes
6453,Yes
2160,Yes
436,Yes
5647,Yes
813,Yes
1912,Yes
8408,Yes
6535,Yes
9332,Yes
8688,Yes
104,Yes
9399,Yes
2618,Yes
3617,Yes
8220,Yes
8261,Yes
8879,Yes
4789,Yes
2838,Yes
5735,Yes
3085,Yes
8429,Yes
6279,Yes
3544,Yes
2266,Yes
3044,Yes
7313,Yes
4234,Yes
5251,Yes
278,Yes
1846,Yes
817,Yes
275,Yes
9707,Yes
6953,Yes
9667,Yes
3582,Yes
8781,Yes
1663,Yes
4245,Yes
7162,Yes
7479,No
1020,Yes
136,Yes
2136,Yes
2879,Yes
3104,Yes
458,Yes
1647,Yes
7726,Yes
7785,Yes
3864,Yes
9413,Yes
9366,Yes
3337,Yes
5303,Yes
5668,Yes
3348,Yes
5837,Yes
6856,Yes
5611,Yes
1306,Yes
159,Yes
9905,Yes
5117,Yes
7749,Yes
7698,Yes
5254,Yes
4341,Yes
6326,Yes
7356,Yes
3577,Yes
3444,Yes
4065,Yes
6929,Yes
2856,Yes
409,Yes
7580,Yes
5498,Yes
8985,Yes
1711,Yes
6362,Yes
5491,Yes
8519,Yes
962,Yes
5918,Yes
674,Yes
9559,Yes
3806,Yes
1848,Yes
9212,Yes
2151,Yes
6149,Yes
908,Yes
2397,Yes
8319,Yes
7538,Yes
119,Yes
5770,Yes
7708,Yes
8487,Yes
8210,Yes
4978,Yes
7829,Yes
7952,Yes
9128,Yes
3834,Yes
87,Yes
9615,Yes
4134,Yes
5327,Yes
1074,Yes
1262,Yes
2754,Yes
7795,Yes
6726,Yes
5537,Yes
4202,Yes
6666,Yes
3571,Yes
912,Yes
7668,Yes
7572,Yes
9619,Yes
5838,Yes
6448,Yes
6304,Yes
570,Yes
4804,Yes
5839,Yes
5388,Yes
8514,Yes
8924,Yes
1576,Yes
8170,Yes
429,Yes
3847,Yes
1819,Yes
5338,Yes
2340,Yes
4315,Yes
8088,Yes
9663,Yes
2901,Yes
3442,Yes
9004,Yes
5802,Yes
4808,Yes
8907,Yes
5669,Yes
238,Yes
9103,Yes
4404,Yes
887,Yes
2870,Yes
6412,Yes
3255,Yes
5808,No
7923,Yes
4295,Yes
3034,Yes
4091,Yes
1183,Yes
8952,Yes
240,Yes
1841,No
7233,Yes
4826,Yes
5789,Yes
2205,Yes
9375,Yes
5628,Yes
2179,Yes
9621,Yes
7501,Yes
9655,Yes
9222,Yes
7473,Yes
3871,Yes
2164,Yes
8374,Yes
8798,Yes
477,Yes
5299,Yes
1165,Yes
5755,No
7187,Yes
1452,Yes
1695,Yes
7018,Yes
1895,Yes
9691,Yes
4626,Yes
1724,Yes
310,Yes
5092,Yes
2473,Yes
4456,Yes
4957,No
9817,Yes
8037,Yes
3505,Yes
5655,Yes
1552,Yes
9697,Yes
668,Yes
7935,Yes
239,Yes
5619,Yes
5784,Yes
9805,Yes
7853,Yes
2542,Yes
5580,Yes
9410,Yes
8149,Yes
1297,Yes
6339,Yes
5723,Yes
4553,Yes
2916,Yes
9182,Yes
5289,Yes
821,Yes
837,Yes
1008,Yes
2225,Yes
8895,Yes
8814,Yes
3256,Yes
8070,Yes
1518,Yes
3424,Yes
1022,Yes
1002,Yes
3715,Yes
3003,Yes
8899,Yes
7359,Yes
1540,Yes
4931,Yes
6508,Yes
7022,Yes
1148,Yes
7843,Yes
6156,Yes
8435,Yes
4523,Yes
9981,Yes
660,Yes
9555,Yes
4264,Yes
9208,Yes
9198,Yes
9569,Yes
1532,Yes
7377,Yes
4980,Yes
6817,Yes
2044,Yes
8526,Yes
4604,Yes
7819,Yes
2362,Yes
3481,Yes
4390,No
549,Yes
39,Yes
8192,Yes
9913,Yes
6234,Yes
9044,Yes
6647,Yes
6921,Yes
2298,Yes
1747,Yes
9155,Yes
8269,Yes
7179,Yes
3425,Yes
8745,Yes
8124,Yes
6882,No
6271,Yes
7588,Yes
9909,Yes
5603,Yes
402,Yes
4,Yes
4919,Yes
1564,Yes
2995,Yes
543,Yes
4391,Yes
5042,Yes
3839,Yes
6024,Yes
3764,Yes
5555,Yes
4661,Yes
1708,Yes
8383,Yes
806,Yes
7908,Yes
3114,Yes
6913,Yes
6855,Yes
2528,Yes
5620,Yes
9804,No
304,Yes
4731,Yes
6568,Yes
9140,Yes
558,Yes
1517,Yes
9767,Yes
915,Yes
8488,Yes
3148,No
3653,Yes
9444,Yes
8671,Yes
2682,Yes
6396,Yes
5531,Yes
5718,Yes
1372,Yes
5177,Yes
2464,Yes
3735,Yes
5674,Yes
8346,Yes
5786,Yes
9885,Yes
2302,Yes
7762,Yes
5885,Yes
8264,Yes
8353,Yes
5810,Yes
3416,Yes
4468,Yes
5862,Yes
5144,Yes
7396,Yes
2301,Yes
7930,Yes
7750,Yes
1079,Yes
5058,Yes
4284,Yes
4943,Yes
9575,Yes
9014,Yes
5878,Yes
4682,Yes
5018,Yes
2572,Yes
9213,Yes
9288,Yes
427,Yes
3770,Yes
4155,Yes
3011,Yes
4322,Yes
1497,Yes
9337,Yes
9915,Yes
37,Yes
2138,Yes
4507,Yes
2928,Yes
2031,Yes
4072,Yes
8411,Yes
856,Yes
5553,Yes
9786,Yes
3113,Yes
8290,Yes
8617,Yes
1651,Yes
4183,Yes
6385,Yes
562,Yes
3977,Yes
3121,Yes
8002,Yes
1232,Yes
3559,Yes
8653,Yes
7689,Yes
6140,Yes
6108,No
9284,Yes
9438,Yes
6210,Yes
9787,Yes
1294,Yes
2161,Yes
9686,Yes
8666,Yes
5121,Yes
6932,Yes
9870,Yes
2424,Yes
6594,Yes
6336,Yes
1127,Yes
6869,Yes
759,Yes
2988,Yes
2435,Yes
2968,Yes
8285,Yes
2720,Yes
8806,Yes
6143,Yes
8958,Yes
6562,Yes
9013,No
6644,Yes
4576,Yes
4219,Yes
8129,Yes
5214,Yes
9857,Yes
6920,Yes
8813,Yes
3028,Yes
6256,Yes
7483,Yes
4122,Yes
6862,Yes
7972,Yes
2504,Yes
7699,Yes
891,Yes
9012,Yes
6910,Yes
1870,Yes
8347,Yes
6484,Yes
6907,Yes
7401,Yes
3056,Yes
8999,Yes
1900,Yes
8398,Yes
1004,Yes
3126,Yes
8629,Yes
6852,Yes
4119,Yes
7632,Yes
7623,Yes
8250,Yes
6164,Yes
6461,Yes
8221,Yes
6044,Yes
536,Yes
1339,Yes
687,Yes
1441,Yes
1630,Yes
5523,Yes
2418,Yes
1433,Yes
7537,Yes
437,Yes
435,Yes
5935,Yes
2594,Yes
1666,Yes
7581,Yes
4935,Yes
2664,Yes
4306,Yes
7874,Yes
3470,Yes
8128,Yes
2456,Yes
4512,Yes
5482,Yes
4253,Yes
8863,Yes
279,Yes
8881,Yes
299,Yes
2322,Yes
8847,Yes
8828,Yes
379,Yes
7854,No
2878,Yes
7032,Yes
2275,Yes
2168,Yes
4859,Yes
1659,Yes
9775,Yes
7787,Yes
8454,Yes
550,Yes
5097,Yes
9563,Yes
6177,Yes
4958,Yes
3730,Yes
3795,Yes
5009,Yes
9645,Yes
3722,Yes
7090,Yes
3836,Yes
6359,Yes
207,Yes
967,Yes
212,Yes
258,Yes
8370,Yes
2846,Yes
7136,Yes
6100,No
9866,Yes
3223,Yes
5573,Yes
2939,No
1066,Yes
5526,Yes
7568,Yes
9001,Yes
7397,Yes
8460,Yes
8725,Yes
1226,Yes
8802,Yes
8657,Yes
6743,Yes
1487,Yes
9023,Yes
3282,Yes
4816,Yes
5972,Yes
3610,Yes
6707,Yes
9081,Yes
5441,No
5239,Yes
1605,Yes
4509,Yes
1213,Yes
1386,Yes
5908,Yes
6431,Yes
6808,Yes
9496,Yes
190,Yes
9826,Yes
3387,Yes
9846,Yes
5667,Yes
2540,Yes
357,Yes
7799,Yes
1928,Yes
513,Yes
2192,Yes
830,Yes
4873,Yes
3335,Yes
1055,Yes
1470,Yes
3934,Yes
8898,Yes
6072,Yes
7217,Yes
5776,Yes
9855,Yes
5805,Yes
4861,Yes
1799,Yes
4548,Yes
7490,Yes
9130,Yes
559,Yes
8164,Yes
8872,Yes
7807,Yes
3469,Yes
6759,No
3090,Yes
3778,Yes
5949,Yes
496,Yes
9085,Yes
3531,Yes
4172,Yes
9919,Yes
3758,Yes
878,Yes
7724,Yes
4467,Yes
4551,Yes
7858,Yes
3893,Yes
490,Yes
3762,Yes
5634,Yes
4959,Yes
9808,Yes
1550,Yes
5355,Yes
5043,Yes
3636,Yes
8632,Yes
6614,Yes
5888,Yes
7704,Yes
4883,Yes
2159,Yes
1098,Yes
3714,Yes
1033,Yes
2810,Yes
7071,Yes
8094,Yes
8918,Yes
2377,Yes
4681,Yes
9858,Yes
1090,Yes
960,Yes
4968,Yes
8010,Yes
2512,Yes
8706,Yes
5149,Yes
5699,Yes
5437,Yes
8362,Yes
3023,Yes
6205,Yes
4166,Yes
9316,Yes
6762,Yes
8506,Yes
4921,Yes
7495,Yes
7823,Yes
4106,Yes
9026,Yes
2171,Yes
3637,Yes
2349,Yes
397,Yes
2072,Yes
1634,Yes
8694,Yes
7035,Yes
4662,Yes
3350,Yes
4267,Yes
2686,Yes
8092,Yes
7337,Yes
1005,Yes
1107,Yes
7862,Yes
3867,Yes
8232,Yes
2562,Yes
9447,Yes
1700,Yes
6760,Yes
9924,Yes
2549,Yes
711,Yes
4955,Yes
7081,Yes
3761,Yes
6618,Yes
5877,Yes
8930,Yes
7471,Yes
3299,Yes
7375,Yes
214,Yes
4282,Yes
6504,Yes
1718,Yes
3894,Yes
7058,Yes
1324,Yes
3372,Yes
8110,Yes
1204,No
8041,Yes
8437,No
9364,Yes
9099,Yes
2393,Yes
4385,Yes
7976,Yes
8256,Yes
6536,Yes
8038,Yes
8818,Yes
1704,Yes
5219,Yes
9864,Yes
3125,Yes
7964,Yes
4920,No
1600,Yes
6306,Yes
1393,Yes
508,Yes
9832,No
823,Yes
1885,Yes
752,Yes
276,Yes
1163,Yes
1370,Yes
4170,Yes
2252,No
9859,Yes
6215,Yes
7513,Yes
7055,Yes
4768,Yes
1923,Yes
121,Yes
3648,Yes
493,Yes
3488,Yes
1218,Yes
7463,Yes
4672,Yes
9994,Yes
7074,Yes
9190,Yes
3194,Yes
8850,Yes
7358,Yes
1556,Yes
5866,Yes
3428,Yes
9795,Yes
6252,Yes
782,Yes
7943,Yes
4937,Yes
4142,Yes
4357,Yes
528,Yes
8787,Yes
3438,No
8180,Yes
1121,Yes
2126,Yes
6193,Yes
4831,Yes
9856,Yes
1551,Yes
8181,Yes
40,Yes
5028,Yes
7283,Yes
8459,Yes
9420,Yes
8358,Yes
1424,Yes
3212,Yes
6005,Yes
5275,Yes
8399,Yes
88,Yes
5582,Yes
3447,Yes
4991,Yes
2671,Yes
6077,Yes
8024,Yes
8991,Yes
1222,Yes
7267,Yes
2573,Yes
9631,Yes
619,Yes
6837,Yes
9027,No
9285,Yes
4034,Yes
7098,Yes
6371,Yes
8791,Yes
8967,Yes
2410,Yes
3586,Yes
5936,Yes
2059,Yes
3042,Yes
6951,Yes
6846,Yes
9116,Yes
7507,Yes
3564,Yes
6179,Yes
6964,Yes
3386,Yes
1606,Yes
9101,Yes
4893,Yes
3437,Yes
4842,Yes
5567,Yes
2676,Yes
5065,Yes
3570,Yes
951,Yes
5694,Yes
2871,Yes
1277,Yes
5016,Yes
5782,Yes
9675,Yes
7004,Yes
2236,Yes
2211,Yes
6987,Yes
6821,Yes
2190,Yes
769,Yes
5681,Yes
2972,Yes
3962,Yes
646,Yes
1813,Yes
6635,Yes
5830,Yes
1490,Yes
6433,Yes
8455,Yes
2147,Yes
7905,Yes
5615,Yes
8112,Yes
1567,Yes
8478,Yes
57,No
9918,Yes
3619,Yes
6420,Yes
3178,Yes
2602,Yes
8826,No
5520,Yes
6616,Yes
2313,Yes
1973,Yes
9822,Yes
5230,Yes
4914,Yes
9184,Yes
9695,Yes
9582,Yes
6144,Yes
6566,Yes
163,Yes
781,Yes
6584,Yes
764,Yes
8316,Yes
5057,Yes
7554,Yes
5313,Yes
2579,Yes
8906,Yes
7455,Yes
2323,Yes
5118,Yes
2887,Yes
2600,Yes
6352,Yes
1305,Yes
2447,Yes
4331,Yes
8003,Yes
9497,Yes
6580,Yes
164,Yes
75,Yes
9794,Yes
9216,Yes
5377,Yes
9428,No
9484,Yes
105,Yes
9772,Yes
2457,Yes
9209,Yes
374,Yes
6744,Yes
2775,Yes
5578,Yes
1722,Yes
1893,Yes
3899,Yes
9320,Yes
3410,Yes
6499,Yes
5394,Yes
9830,Yes
8035,Yes
182,Yes
789,Yes
5797,Yes
4690,Yes
1423,Yes
3848,Yes
4423,Yes
2673,Yes
1575,Yes
7414,Yes
5624,Yes
6040,Yes
1053,Yes
4527,Yes
3520,Yes
8130,Yes
911,Yes
1904,Yes
5135,Yes
3980,Yes
1006,Yes
1325,Yes
6976,Yes
351,Yes
2408,Yes
4225,Yes
3319,Yes
1930,Yes
3539,Yes
1145,Yes
652,Yes
4344,Yes
7792,Yes
1123,Yes
903,Yes
5006,Yes
3765,Yes
4333,Yes
9939,Yes
1435,Yes
1793,Yes
725,Yes
4476,Yes
7893,Yes
7635,Yes
5213,Yes
7643,Yes
4902,Yes
8373,Yes
7438,Yes
3533,Yes
2657,Yes
4757,Yes
9456,Yes
716,Yes
3271,Yes
9276,Yes
756,Yes
4568,Yes
6896,Yes
4324,Yes
5843,Yes
4329,Yes
8763,Yes
2936,Yes
8126,Yes
2142,Yes
6823,Yes
9064,Yes
5037,Yes
8062,Yes
5150,Yes
2590,Yes
1665,Yes
3461,Yes
9766,Yes
7080,Yes
3868,Yes
9947,Yes
4410,Yes
5,Yes
1608,Yes
2690,Yes
6127,Yes
6560,Yes
6637,Yes
3832,Yes
7608,Yes
8803,Yes
5703,Yes
1332,Yes
7099,Yes
4159,Yes
5471,Yes
7622,Yes
1563,Yes
6408,Yes
7624,Yes
9570,No
762,Yes
9005,Yes
4152,Yes
5040,Yes
348,Yes
4676,Yes
102,Yes
9330,Yes
4525,Yes
4580,Yes
455,Yes
5126,Yes
2223,Yes
6922,Yes
7406,Yes
1703,Yes
8788,Yes
3019,Yes
8686,Yes
1728,Yes
1402,Yes
4866,Yes
42,Yes
3306,Yes
6868,Yes
8144,Yes
3947,Yes
7697,Yes
8593,Yes
413,Yes
9771,Yes
1278,Yes
8187,Yes
1412,Yes
6582,Yes
5851,Yes
7879,Yes
6622,Yes
614,Yes
7011,Yes
2555,Yes
282,Yes
8238,Yes
3426,Yes
365,Yes
2194,Yes
6042,Yes
9091,Yes
9294,Yes
7301,Yes
883,Yes
2084,Yes
9912,Yes
1287,Yes
8089,Yes
9581,Yes
9565,Yes
1763,Yes
4683,Yes
407,Yes
3196,Yes
7948,Yes
8055,Yes
9802,Yes
5961,Yes
4244,Yes
6379,Yes
6025,Yes
2641,Yes
6912,Yes
255,Yes
2837,Yes
118,Yes
8845,Yes
7096,Yes
7878,Yes
8941,No
1177,Yes
8043,Yes
7379,Yes
4349,Yes
2539,Yes
1618,Yes
8109,Yes
7545,Yes
4916,Yes
1877,Yes
3493,Yes
1050,Yes
7675,Yes
3118,Yes
4221,Yes
9439,Yes
9382,Yes
6259,Yes
6805,Yes
8438,Yes
4660,Yes
2156,Yes
3137,Yes
97,Yes
2929,Yes
5260,Yes
7637,Yes
6070,Yes
205,Yes
7794,Yes
1335,Yes
2559,Yes
4048,Yes
6936,Yes
5656,Yes
9540,Yes
301,Yes
56,Yes
8481,Yes
1594,Yes
5729,Yes
3021,Yes
5778,Yes
1609,Yes
1414,Yes
9516,Yes
6341,Yes
4484,Yes
8497,Yes
5034,Yes
2536,Yes
6169,Yes
9124,Yes
5007,Yes
9393,Yes
3635,Yes
2412,Yes
4755,Yes
9274,Yes
7303,Yes
7728,No
5993,Yes
8583,Yes
6552,Yes
9705,Yes
8253,Yes
203,Yes
5342,Yes
2484,Yes
9147,Yes
7906,Yes
2175,Yes
2248,Yes
7920,Yes
9221,Yes
5273,Yes
9037,Yes
2604,Yes
2910,Yes
5870,Yes
3392,Yes
3638,Yes
4085,Yes
9526,Yes
8324,No
9828,Yes
2514,Yes
5670,Yes
7925,Yes
5886,Yes
2199,Yes
5684,Yes
3290,Yes
5217,Yes
920,Yes
1467,Yes
3467,Yes
8044,Yes
3859,Yes
5036,Yes
3146,Yes
2354,Yes
3824,Yes
8523,Yes
8776,Yes
8325,Yes
8034,Yes
6009,Yes
7342,Yes
1602,Yes
8069,Yes
8386,Yes
1502,Yes
8800,Yes
6690,Yes
8794,Yes
4340,Yes
263,Yes
7755,Yes
1139,Yes
5812,Yes
8394,Yes
8940,Yes
7172,Yes
7553,Yes
7740,Yes
9706,Yes
5467,Yes
515,Yes
2980,Yes
8956,Yes
4565,Yes
4197,Yes
6739,Yes
9098,Yes
9598,Yes
565,Yes
590,Yes
594,Yes
9308,Yes
9436,Yes
1758,Yes
9159,Yes
7039,Yes
6423,Yes
466,Yes
7926,Yes
6947,Yes
384,Yes
571,Yes
2890,Yes
8708,Yes
9000,Yes
6672,Yes
4029,Yes
9185,Yes
8819,Yes
5358,Yes
34,Yes
2817,Yes
7363,Yes
597,Yes
5525,Yes
5790,Yes
195,Yes
603,Yes
9169,Yes
9249,Yes
6814,Yes
9485,Yes
7360,Yes
4954,Yes
5453,Yes
8552,Yes
2346,Yes
3202,Yes
2761,Yes
9367,Yes
8697,Yes
5638,Yes
1824,Yes
8480,Yes
1431,Yes
8430,Yes
2382,Yes
8809,Yes
795,Yes
7956,Yes
4406,Yes
9324,Yes
7592,Yes
6109,Yes
224,Yes
4342,Yes
2770,Yes
5079,Yes
4367,Yes
4783,Yes
4898,Yes
3262,Yes
5992,Yes
1093,Yes
4560,Yes
6401,Yes
8867,Yes
777,Yes
1023,No
6791,Yes
3946,Yes
3811,Yes
189,Yes
9417,Yes
2228,Yes
6182,Yes
1282,Yes
7482,Yes
8986,Yes
3014,Yes
5857,Yes
6643,Yes
7633,Yes
9757,Yes
5609,Yes
2510,Yes
1905,Yes
4120,Yes
6442,Yes
9592,Yes
5395,Yes
8779,Yes
2957,Yes
2321,No
6275,Yes
4447,Yes
2470,Yes
3301,Yes
2132,Yes
2977,Yes
2724,Yes
1917,Yes
287,Yes
6693,Yes
330,Yes
2010,Yes
1891,No
5683,Yes
4458,Yes
2308,Yes
3774,Yes
9763,Yes
7557,Yes
7279,Yes
8635,Yes
7365,Yes
1104,Yes
318,Yes
2014,Yes
4118,Yes
7467,Yes
3625,Yes
9557,Yes
385,Yes
8409,Yes
8966,Yes
6268,Yes
1983,Yes
6054,Yes
1279,Yes
4729,Yes
9713,Yes
957,Yes
8328,Yes
8345,Yes
8894,Yes
6911,Yes
8191,Yes
1501,Yes
346,Yes
5137,Yes
4151,Yes
2967,Yes
2818,Yes
4473,Yes
174,Yes
3573,Yes
8193,Yes
1170,Yes
4999,Yes
3536,Yes
3750,Yes
3275,Yes
551,Yes
4890,Yes
4064,Yes
428,Yes
8550,Yes
6847,Yes
8249,Yes
9045,Yes
5361,Yes
4352,Yes
3407,Yes
5629,Yes
9165,Yes
3316,Yes
5146,Yes
7160,Yes
8645,Yes
6405,Yes
1745,Yes
4641,Yes
5403,Yes
3277,Yes
7849,Yes
6078,Yes
8605,Yes
7889,Yes
9143,Yes
6511,Yes
1621,Yes
7827,Yes
8125,Yes
4368,Yes
4198,Yes
6686,Yes
1735,No
3602,Yes
3508,Yes
9873,Yes
6893,No
6549,Yes
5700,Yes
6742,Yes
6235,Yes
7680,No
548,Yes
5732,Yes
9149,Yes
168,Yes
396,Yes
1565,Yes
3733,Yes
7973,Yes
2733,Yes
9975,Yes
7370,Yes
2918,Yes
6351,Yes
8721,Yes
253,Yes
3863,Yes
8207,Yes
6043,Yes
1348,Yes
5196,Yes
2466,Yes
8674,Yes
3127,Yes
5630,Yes
9180,Yes
1950,Yes
3955,Yes
5228,Yes
2865,Yes
6367,Yes
9468,Yes
6950,Yes
7352,Yes
1333,Yes
1381,Yes
2519,Yes
6119,Yes
5791,Yes
5159,Yes
1443,Yes
8504,Yes
6937,Yes
832,Yes
5367,Yes
7673,Yes
7868,Yes
5311,Yes
6784,Yes
9363,Yes
5422,Yes
865,Yes
9325,Yes
157,Yes
7929,Yes
6117,Yes
6402,Yes
8793,Yes
2867,Yes
4472,Yes
4229,Yes
8015,Yes
3389,Yes
4781,Yes
2791,Yes
1866,Yes
9452,Yes
8704,Yes
2547,Yes
60,Yes
2839,Yes
974,Yes
1622,Yes
7159,Yes
4561,Yes
4195,Yes
1868,Yes
866,Yes
1256,Yes
160,Yes
5549,Yes
7243,Yes
4747,Yes
5536,Yes
9066,Yes
1350,Yes
2520,Yes
5080,Yes
7748,Yes
5891,Yes
3898,Yes
7068,Yes
9243,Yes
6931,Yes
7540,Yes
383,Yes
1136,Yes
3644,Yes
9051,Yes
5930,Yes
7917,Yes
8174,Yes
7994,Yes
1469,Yes
4695,Yes
6799,Yes
6818,Yes
5727,Yes
6639,Yes
3596,Yes
442,Yes
3611,Yes
8960,No
9688,No
8468,Yes
2459,Yes
4210,Yes
7900,Yes
6201,Yes
8304,Yes
3395,Yes
8223,Yes
1103,Yes
2488,Yes
4062,Yes
6004,Yes
9576,Yes
7870,Yes
8614,Yes
1239,Yes
9040,Yes
4557,Yes
5463,Yes
2721,Yes
4232,Yes
7429,Yes
4460,Yes
1709,Yes
1776,Yes
545,Yes
4791,Yes
2309,Yes
4633,Yes
1486,Yes
7866,Yes
4321,Yes
9409,Yes
546,Yes
8729,Yes
4879,Yes
9238,Yes
1977,Yes
210,Yes
6483,Yes
364,Yes
3547,Yes
1362,Yes
3719,Yes
3473,Yes
8298,No
6368,Yes
4853,Yes
2432,Yes
4381,Yes
5234,Yes
9552,Yes
7639,Yes
2911,Yes
7141,Yes
8224,Yes
7833,Yes
5726,Yes
2704,Yes
7426,Yes
1377,Yes
8198,Yes
7844,Yes
4606,Yes
5504,Yes
72,Yes
5329,Yes
5175,Yes
7200,Yes
763,No
8965,Yes
1888,Yes
7892,Yes
8610,Yes
6428,Yes
7731,Yes
1682,Yes
7376,Yes
9482,Yes
5182,Yes
8029,Yes
4492,Yes
8116,Yes
4452,Yes
3572,Yes
5382,Yes
217,Yes
518,Yes
6750,Yes
2752,Yes
7384,Yes
9636,Yes
7006,Yes
9648,Yes
6572,Yes
5236,Yes
2398,Yes
154,Yes
9668,Yes
7371,Yes
3451,Yes
3471,Yes
6459,Yes
6661,Yes
6340,Yes
3954,Yes
9059,Yes
882,Yes
7850,Yes
1954,Yes
8119,Yes
8646,Yes
9682,Yes
6630,Yes
8747,Yes
6265,Yes
871,Yes
5440,Yes
5600,Yes
5595,Yes
2748,Yes
8792,Yes
2455,Yes
5840,Yes
1295,Yes
8759,Yes
9551,Yes
5178,Yes
9376,Yes
8228,Yes
6255,Yes
5102,Yes
5591,Yes
3205,Yes
8,Yes
5191,Yes
3800,No
1940,No
1289,Yes
327,Yes
3901,Yes
6338,Yes
1046,Yes
5969,Yes
7614,Yes
4521,Yes
5249,Yes
5238,Yes
3346,Yes
6906,Yes
2814,No
6675,Yes
793,Yes
512,Yes
183,Yes
6342,Yes
4046,Yes
4795,Yes
3041,Yes
8008,Yes
1864,Yes
5818,Yes
6870,Yes
3590,Yes
9672,Yes
2100,Yes
5733,Yes
8257,Yes
3320,Yes
3466,Yes
6509,Yes
4680,Yes
1645,Yes
1828,Yes
2656,Yes
6843,Yes
9078,Yes
7009,Yes
8722,Yes
7891,Yes
1138,Yes
2451,Yes
9334,Yes
959,Yes
6485,Yes
2525,Yes
7488,Yes
7729,Yes
1303,Yes
4442,Yes
6679,Yes
1288,Yes
9067,Yes
8751,Yes
6669,Yes
1834,Yes
1853,Yes
8331,Yes
303,Yes
8680,Yes
3418,Yes
7120,Yes
3668,Yes
5032,Yes
1425,No
689,Yes
8428,Yes
9232,Yes
6295,Yes
9280,Yes
2627,Yes
4948,Yes
4581,Yes
4218,Yes
7953,Yes
6801,No
3183,No
8942,Yes
996,Yes
320,Yes
8540,Yes
3506,Yes
8138,Yes
846,Yes
2881,No
7170,Yes
4844,Yes
4489,Yes
8339,Yes
9392,Yes
2703,Yes
6673,No
8586,Yes
9113,Yes
8340,Yes
4545,Yes
5306,Yes
8911,Yes
8159,Yes
4715,Yes
9625,Yes
9745,Yes
1773,Yes
4841,Yes
5368,Yes
4885,Yes
5738,Yes
5051,Yes
3915,Yes
8020,Yes
5945,Yes
6917,Yes
5298,Yes
4907,Yes
950,Yes
4449,Yes
7372,Yes
5927,Yes
929,Yes
2823,Yes
4019,Yes
4779,Yes
1175,Yes
5039,Yes
9513,Yes
1307,Yes
4259,Yes
7417,Yes
3840,Yes
8871,Yes
7157,Yes
7821,Yes
6343,Yes
4868,Yes
864,Yes
8559,Yes
705,Yes
8246,Yes
3305,Yes
850,Yes
5544,Yes
7830,Yes
5261,Yes
3890,Yes
1856,Yes
3292,Yes
2938,Yes
8469,Yes
3872,Yes
1597,Yes
7721,Yes
6990,Yes
4104,Yes
1352,Yes
2448,Yes
4076,Yes
3949,Yes
4977,Yes
8782,Yes
5734,Yes
6918,Yes
4583,Yes
5186,Yes
7145,Yes
4346,Yes
3364,Yes
1245,Yes
3151,Yes
431,Yes
8964,Yes
4373,Yes
227,Yes
4485,Yes
5906,Yes
1918,Yes
2494,Yes
9262,Yes
5226,Yes
4073,Yes
2496,Yes
2365,Yes
681,Yes
173,Yes
9620,Yes
9469,Yes
7277,Yes
69,Yes
7024,Yes
3397,Yes
1089,Yes
4156,Yes
6315,Yes
8156,Yes
9038,Yes
3569,Yes
4692,Yes
6740,Yes
2638,Yes
6944,Yes
4266,Yes
3846,Yes
6977,Yes
5558,Yes
8580,Yes
9836,Yes
4483,Yes
5590,Yes
9109,Yes
1298,Yes
2545,Yes
6170,Yes
1185,Yes
1836,Yes
2133,Yes
3296,Yes
1296,Yes
7857,Yes
2954,Yes
5379,Yes
9784,Yes
8829,Yes
5062,Yes
584,Yes
2719,Yes
7239,Yes
9475,Yes
6598,Yes
2241,Yes
8313,Yes
4701,Yes
3503,Yes
6434,Yes
3703,Yes
9972,Yes
3697,Yes
8053,Yes
8360,Yes
1493,No
6678,Yes
8600,Yes
3985,Yes
1690,Yes
9043,Yes
1082,Yes
1347,Yes
2082,Yes
3010,Yes
8973,Yes
9610,Yes
3074,Yes
4593,Yes
9659,Yes
9523,Yes
3475,Yes
6521,Yes
1394,Yes
1457,Yes
7259,Yes
7332,Yes
7987,Yes
3496,Yes
4767,Yes
7123,Yes
2919,Yes
7876,Yes
3138,Yes
1115,Yes
6020,Yes
9833,No
5548,Yes
2766,Yes
4605,Yes
3374,Yes
6712,Yes
5346,Yes
3252,Yes
4441,Yes
1902,Yes
7571,Yes
1048,Yes
3434,Yes
699,Yes
222,Yes
6716,Yes
4938,Yes
8524,Yes
4049,Yes
4252,Yes
2258,No
3558,Yes
4288,Yes
4686,Yes
419,Yes
3684,Yes
6933,Yes
723,Yes
2028,Yes
6581,Yes
8546,Yes
6099,Yes
8732,No
5265,Yes
5510,Yes
6211,Yes
8299,Yes
1428,Yes
622,Yes
1760,Yes
3017,Yes
3279,Yes
3134,Yes
7642,Yes
2335,Yes
6013,Yes
6834,Yes
6213,Yes
5704,Yes
6961,Yes
3948,Yes
7075,Yes
6676,Yes
1472,Yes
8344,Yes
7347,Yes
1732,Yes
1861,Yes
6708,Yes
9848,Yes
2588,Yes
2789,Yes
3339,Yes
5479,Yes
3285,Yes
6578,Yes
982,Yes
8176,Yes
2244,Yes
2331,Yes
9550,Yes
684,Yes
7462,Yes
5205,Yes
2670,Yes
2597,Yes
8279,Yes
4372,Yes
9138,Yes
9674,Yes
4983,Yes
641,Yes
4015,Yes
3728,Yes
3161,Yes
2033,Yes
6187,Yes
246,Yes
5317,Yes
9717,Yes
459,Yes
5769,Yes
46,Yes
8596,Yes
8545,Yes
8060,Yes
3989,Yes
3157,Yes
669,Yes
7300,Yes
554,Yes
1544,Yes
2,Yes
5939,Yes
7911,Yes
8242,Yes
9042,Yes
2262,Yes
2813,Yes
5572,Yes
8563,Yes
9963,Yes
2574,Yes
7619,Yes
9374,Yes
7346,Yes
336,Yes
8064,Yes
8441,Yes
6972,Yes
7385,Yes
4617,Yes
2352,Yes
4988,Yes
8689,Yes
2553,Yes
4575,Yes
4440,Yes
8512,Yes
1281,Yes
941,Yes
6465,Yes
1365,Yes
8933,Yes
8785,Yes
4334,Yes
1999,Yes
5793,Yes
155,Yes
2149,Yes
89,Yes
8749,Yes
9104,Yes
9937,Yes
2622,Yes
2868,Yes
3162,Yes
836,Yes
519,Yes
8607,Yes
4089,Yes
478,Yes
5864,Yes
8127,Yes
6102,Yes
4952,Yes
6325,Yes
9577,Yes
495,Yes
1624,Yes
8954,Yes
1304,Yes
8946,Yes
5954,Yes
2913,Yes
3105,Yes
8837,Yes
2485,Yes
3705,Yes
2758,Yes
6002,Yes
1363,Yes
1737,Yes
5480,Yes
3897,Yes
1408,Yes
2589,Yes
7686,Yes
3725,Yes
1199,Yes
7013,Yes
4828,Yes
1464,Yes
235,Yes
64,Yes
73,Yes
9500,Yes
2324,Yes
5873,Yes
6727,No
355,Yes
2563,Yes
2786,Yes
7634,Yes
2822,Yes
6495,Yes
9379,Yes
2316,Yes
5113,Yes
43,Yes
5111,Yes
5171,Yes
8588,Yes
260,Yes
2781,No
6139,Yes
1268,Yes
1462,Yes
8736,Yes
7763,Yes
1040,Yes
7510,Yes
6388,Yes
6722,Yes
8473,Yes
8490,Yes
5664,Yes
1212,Yes
3209,Yes
1941,Yes
9071,Yes
2487,Yes
1130,Yes
9360,Yes
7097,Yes
1269,Yes
8275,Yes
5005,Yes
1536,Yes
8833,Yes
2888,Yes
4286,Yes
2439,Yes
186,Yes
7076,Yes
4163,Yes
1364,Yes
7202,Yes
6079,Yes
6337,Yes
8254,Yes
1667,Yes
7121,Yes
2303,Yes
9201,Yes
9528,Yes
5093,Yes
1767,Yes
2478,Yes
5513,Yes
309,Yes
7166,Yes
4973,Yes
424,Yes
6418,Yes
371,No
4191,Yes
6462,Yes
1504,Yes
2942,Yes
9476,Yes
5220,Yes
1404,Yes
2169,Yes
7333,Yes
3423,Yes
6474,Yes
1375,Yes
7515,Yes
9118,Yes
1430,Yes
9928,Yes
3287,Yes
9703,Yes
8984,Yes
6770,Yes
2201,Yes
8765,Yes
5597,Yes
6593,Yes
4362,Yes
7810,Yes
1526,Yes
2892,Yes
4624,Yes
4192,Yes
842,Yes
8395,Yes
3192,Yes
6728,Yes
2091,Yes
6113,Yes
8274,Yes
7305,Yes
2835,Yes
9651,Yes
1808,Yes
7725,Yes
4719,Yes
3687,Yes
9031,Yes
8396,Yes
6487,Yes
9572,Yes
3926,Yes
6513,Yes
3645,Yes
8241,Yes
9318,Yes
3587,Yes
6723,Yes
6729,Yes
1110,Yes
5919,Yes
980,Yes
9162,Yes
7621,Yes
7598,Yes
7491,Yes
3080,Yes
1012,Yes
5305,Yes
8752,Yes
7913,Yes
4021,Yes
3772,Yes
2937,Yes
2933,Yes
9746,Yes
95,Yes
3485,Yes
7546,Yes
5209,Yes
2074,Yes
596,Yes
1478,Yes
3321,Yes
117,Yes
4080,Yes
5788,Yes
3850,Yes
1529,Yes
6973,Yes
7526,Yes
3318,Yes
3273,Yes
4558,Yes
6168,Yes
5259,Yes
3866,Yes
6638,Yes
2045,Yes
2711,Yes
6668,Yes
672,Yes
1174,Yes
6086,Yes
381,Yes
6681,Yes
1960,Yes
8046,Yes
5501,Yes
4718,Yes
6769,Yes
707,Yes
2746,Yes
5940,Yes
7204,Yes
209,No
5505,Yes
9493,Yes
6392,Yes
4544,Yes
1671,Yes
5902,Yes
7852,Yes
3957,Yes
9187,Yes
2747,Yes
9008,Yes
4506,Yes
6445,Yes
3685,Yes
339,Yes
6378,Yes
9574,Yes
5665,Yes
4345,Yes
7045,Yes
935,Yes
7647,Yes
9164,Yes
6491,Yes
3186,Yes
5996,Yes
2864,Yes
9416,Yes
1116,Yes
4599,Yes
7881,Yes
8611,Yes
6095,Yes
7395,Yes
9850,Yes
7918,Yes
8945,Yes
7727,Yes
5648,Yes
770,No
2065,Yes
8996,Yes
471,Yes
7522,Yes
83,Yes
1875,Yes
6733,Yes
5892,Yes
5439,Yes
9218,Yes
4066,Yes
6416,Yes
2188,Yes
7218,Yes
2866,Yes
2633,Yes
7683,Yes
8379,Yes
6369,Yes
693,Yes
8654,Yes
3724,Yes
5871,Yes
928,Yes
5160,Yes
1649,Yes
7636,Yes
2608,Yes
8320,Yes
9716,Yes
2582,Yes
4304,Yes
7816,Yes
9380,Yes
8131,Yes
8851,Yes
4102,Yes
6114,Yes
1746,Yes
5256,No
499,Yes
6711,Yes
658,Yes
9306,Yes
4336,Yes
9642,Yes
7258,Yes
1473,Yes
532,Yes
9097,Yes
5326,Yes
2383,Yes
4650,Yes
3794,Yes
7291,Yes
6507,Yes
7095,Yes
9108,Yes
918,Yes
5576,Yes
2915,Yes
8628,Yes
952,Yes
325,Yes
2505,Yes
9204,Yes
5942,Yes
9612,Yes
8856,Yes
3972,Yes
9841,Yes
1698,Yes
2841,Yes
2035,Yes
295,Yes
1803,Yes
5291,Yes
3568,Yes
2999,Yes
2883,Yes
6886,Yes
3149,Yes
4498,Yes
9503,Yes
1203,Yes
8447,Yes
2388,Yes
5310,Yes
7603,Yes
